date,estimate,lo,hi
2023-11-05,0.444742703006099,0.267983652277297,0.545874643045918
2023-11-12,0.482466992726307,0.280558548751959,0.655891492743758
2023-11-19,0.683948570352295,0.324587611567511,0.768948209980475
2023-11-26,0.810787423455768,0.378558568295336,1.04240119464233
2023-12-03,0.867016996155431,0.442915310344682,1.01768156376633
2023-12-10,0.934676956986158,0.519083945964143,1.14884831413632
2023-12-17,1.0732719835634,0.565679944829826,1.22789944785383
2023-12-24,1.00840825397362,0.635445543873711,1.20077546189025
2023-12-31,0.909334620254172,0.612266711551098,1.12362823658763
2024-01-07,0.935876150193051,0.640157839316774,1.14090371216861
2024-01-14,0.968626027011913,0.620929563848145,1.25100078563563
2024-01-21,1.10206708478186,0.636112517716756,1.3880595852215
2024-01-28,1.06061671630801,0.654483234065637,1.3980239743596
2024-02-04,0.987376716400294,0.620830070566552,1.41290328069539
2024-02-11,0.973712461828449,0.634617846833498,1.34866066891038
2024-02-18,0.822607578771005,0.590074884951456,1.10946245367575
2024-02-25,0.801751606426715,0.61798306426945,1.11354518331003
2024-03-03,0.862159662831046,0.635754712100966,1.13340073195904
2024-03-10,0.773500618492443,0.593761228876709,1.05945952893669
2024-03-17,0.672922263146228,0.564998119279331,0.984092248775537
2024-03-24,0.721719632341279,0.601148092276432,1.04105987564295
