date,mean_ra,mean_er,mean_count
2023-11-05,0.432338686319013,0.00754663192220323,35.0682953030227
2023-11-12,0.470037877851139,0.00822801727062213,34.1860998911029
2023-11-19,0.668740058284309,0.011280623376144,34.1993028420535
2023-11-26,0.780261609981624,0.0130763036159117,36.1077318482654
2023-12-03,0.832278821996341,0.0127372405408113,39.4837365175959
2023-12-10,0.895720025424333,0.012943648960189,42.0765556479959
2023-12-17,1.04524422763292,0.0143163450909513,43.0338704490186
2023-12-24,0.98166698257965,0.0136472460700312,50.0766266620968
2023-12-31,0.885868684961269,0.0136358564193044,45.9852631252441
2024-01-07,0.916914516443527,0.0141202058897192,47.3248634457291
2024-01-14,0.953244882319199,0.0145981393579764,47.1976006660794
2024-01-21,1.09221462760218,0.0168140843131542,47.5175748833442
2024-01-28,1.05160863087004,0.0159487174669437,49.0538972747436
2024-02-04,0.971984117560675,0.0145785670173869,49.1504134564495
2024-02-11,0.953947631702478,0.013997035424973,50.9391324567931
2024-02-18,0.803666065623468,0.0123376472170205,52.1903166378911
2024-02-25,0.784193131122752,0.0117209722334276,54.8525796071216
2024-03-03,0.851027943398061,0.0118748635584275,61.8802639873952
2024-03-10,0.767739831219282,0.0111310937460062,59.8273756182608
2024-03-17,0.669246314145198,0.0108535500887101,54.6089897721051
2024-03-24,0.717282689438248,0.0118147768882427,54.2104313150628
