date,x,y,longitude,latitude,er,cnt,ra
2024-01-21,3626801.53810685,4884639.30521963,76.0093125515458,32.0653046638704,0.412343535693101,663.0856,273.419060771181
2024-01-21,3631801.53810685,4884639.30521963,76.0627505547954,32.0665852387342,0.383316126234008,698.256333333333,267.652912811695
2024-01-21,3626801.53810685,4879639.30521963,76.0108259387964,32.0197974730759,0.426101374184781,570.0218,242.887072295283
2024-01-21,3631801.53810685,4879639.30521963,76.0642436980034,32.0210777195403,0.393050070468681,614.1246,241.38171730655
2024-01-21,3521801.53810685,3039639.30521963,75.515062948146,15.1172692008027,0.472842572885395,474.321633333333,224.279461480536
2024-01-21,3621801.53810685,4884639.30521963,75.9558756967026,32.0640068259678,0.294395801492049,598.8726,176.305579068627
2024-01-21,3631801.53810685,4874639.30521963,76.0657357094303,31.9755646165673,0.316889991557451,474.0905,150.234534542468
2024-01-21,3631801.53810685,4869639.30521963,76.0672265903621,31.9300459599246,0.30417073021684,490.839333333333,149.298958439147
2024-01-21,3626801.53810685,4874639.30521963,76.0123381789457,31.9742846990996,0.322371495204392,460.3985,148.419352834859
2024-01-21,3631801.53810685,4864639.30521963,76.068716342083,31.8845217797281,0.273957390895621,537.029133333333,147.123100202936
2024-01-21,3626801.53810685,4864639.30521963,76.0153592231517,31.8832425220445,0.276885821449316,514.177233333333,142.368385622036
2024-01-21,3626801.53810685,4869639.30521963,76.013849273297,31.9287663720507,0.298903047530955,452.442066666667,135.23631255787
2024-01-21,3616801.53810685,4884639.30521963,75.9024400056014,32.0626917254055,0.210934699132759,626.3737,132.123947954173
2024-01-21,3636801.53810685,4879639.30521963,76.1176625889911,32.0223407070345,0.23827820062027,530.759766666667,126.468482162968
2024-01-21,3626801.53810685,4889639.30521963,76.0077980158886,32.1108062413814,0.189040280997189,647.084099999999,122.324960092813
2024-01-21,3621801.53810685,4879639.30521963,75.9574093266904,32.0184999680156,0.267252564270548,452.5914,120.956212216797
2024-01-21,3636801.53810685,4864639.30521963,76.1220745889428,31.8857837918172,0.2175498744907,553.316366666667,120.373906121983
2024-01-21,3521801.53810685,3044639.30521963,75.5135702306542,15.1627966833648,0.328226197253366,358.305,117.605087606867
2024-01-21,3631801.53810685,4889639.30521963,76.0612562785183,32.1120871440466,0.186003243572016,626.738666666666,116.575424872001
2024-01-21,3641801.53810685,4879639.30521963,76.1710825964373,32.0235864351891,0.206912245137084,554.911733333333,114.818032596911
2024-01-21,3636801.53810685,4884639.30521963,76.1161896911136,32.0678485501853,0.184547475193059,621.0649,114.61595922603
2024-01-21,3636801.53810685,4869639.30521963,76.120605036638,31.9313082977373,0.249185509894191,446.657433333333,111.300560273197
2024-01-21,3641801.53810685,4864639.30521963,76.1754339484611,31.8870285579407,0.2002754490907,555.682166666667,111.28949548086
2024-01-21,3621801.53810685,4864639.30521963,75.9620032474173,31.8819460191425,0.206048431917705,530.781633333333,109.366723239052
2024-01-21,3626801.53810685,4929639.30521963,75.995640230696,32.4746131733771,0.168035328435432,639.4069,107.442948445381
2024-01-21,3641801.53810685,4884639.30521963,76.1696299451609,32.0690945978547,0.172971912612681,607.3757,105.058936503466
2024-01-21,3641801.53810685,4869639.30521963,76.1739845968372,31.9325533851184,0.218795769414417,471.467866666667,103.155174641507
2024-01-21,3626801.53810685,4934639.30521963,75.9941153003108,32.5200628779315,0.1643913070208,624.7531,102.703978674296
2024-01-21,3521801.53810685,3049639.30521963,75.5120765195282,15.2083293720223,0.308942059596467,328.47,101.478198315651
2024-01-21,3631801.53810685,4929639.30521963,76.0492611226183,32.4758966768697,0.162701707323027,614.0818,99.9121572959974
2024-01-21,3636801.53810685,4874639.30521963,76.1191343704097,31.9768272795153,0.229905627604778,431.234,99.1431234145189
2024-01-21,3626801.53810685,4924639.30521963,75.997164000837,32.4291575849468,0.16076873011632,613.913966666666,98.6981688216729
2024-01-21,3626801.53810685,4909639.30521963,76.0017283630172,32.2927558167978,0.160604125876558,612.987666666666,98.4483483781109
2024-01-21,3621801.53810685,4869639.30521963,75.960473100728,31.9274695344913,0.213033503080122,461.8671,98.3931662704568
2024-01-21,3616801.53810685,4879639.30521963,75.9039938770037,32.0171852047393,0.210760009887326,465.4305,98.0941367818631
2024-01-21,3541801.53810685,4939639.30521963,75.0805308310554,32.5410278364004,0.174471609125415,558.892033333334,97.5107923830418
2024-01-21,3626801.53810685,4919639.30521963,75.998686612057,32.3836961426765,0.156639994252957,607.977866666667,95.2336495405919
2024-01-21,3626801.53810685,4904639.30521963,76.003247505394,32.2472769932992,0.160664775078727,591.26,94.9946549130479
2024-01-21,3506801.53810685,4939639.30521963,74.7050928736857,32.5294946311649,0.171662206840045,545.699733333333,93.6760204960239
2024-01-21,3631801.53810685,4924639.30521963,76.0507645100486,32.4304407654389,0.157593194083502,592.410733333333,93.3598996753498
2024-01-21,3631801.53810685,4909639.30521963,76.0552678168929,32.2940380246795,0.156783300138598,592.644733333334,92.9167971017594
2024-01-21,3621801.53810685,4874639.30521963,75.9589417942587,31.9729875274873,0.225907198950976,410.726133333333,92.7859903172985
2024-01-21,3626801.53810685,4914639.30521963,76.0002080656773,32.3382288766098,0.152287674045448,605.137166666667,92.1549315901194
2024-01-21,3631801.53810685,4934639.30521963,76.0477565904392,32.5213467038224,0.155822166395438,590.9252,92.0792448416575
2024-01-21,3626801.53810685,4899639.30521963,76.004765494123,32.2017924361801,0.158130204156027,582.296033333333,92.0785906302446
2024-01-21,3626801.53810685,4894639.30521963,76.0062823305174,32.1563021755139,0.158333670229427,578.388133333333,91.5783159678139
2024-01-21,3631801.53810685,4894639.30521963,76.0597608678824,32.1575834053822,0.155808948447487,584.774933333333,91.1131674411161
2024-01-21,3631801.53810685,4919639.30521963,76.0522667540356,32.3849789995663,0.154312122108947,589.052066666667,90.8978744399943
2024-01-21,3546801.53810685,4939639.30521963,75.1341706552132,32.5426062234245,0.161503161003068,558.8045,90.2486931327388
2024-01-21,3621801.53810685,4889639.30521963,75.9543409029725,32.1095080712424,0.159811403215221,561.332266666667,89.7072972059806
